"Comparison","Z","P.unadj","P.adj"
"1 - 2",-0.11070042119867,0.911853911965944,1
"1 - 3",-1.2810700247396,0.200169071372782,1
"2 - 3",-1.16776312289097,0.242902327004964,0.728706981014893
"1 - 4",0.0980669913248856,0.921879098257645,0.921879098257645
"2 - 4",0.17420315516388,0.861705805990057,1
"3 - 4",1.12714776907738,0.259680009410355,0.519360018820709
