"","Df","SumOfSqs","R2","F","Pr(>F)"
"Model",27,702.809237121284,0.393070043132709,6.5003523659245,0.001
"Residual",271,1085.19076287872,0.606929956867291,NA,NA
"Total",298,1788,1,NA,NA
