"","Df","SumOfSqs","R2","F","Pr(>F)"
"Model",18,640.65043019088,0.358305609726443,8.68582132312364,0.001
"Residual",280,1147.34956980912,0.641694390273558,NA,NA
"Total",298,1788,1,NA,NA
