"","Df","SumOfSqs","R2","F","Pr(>F)"
"Model",21,667.73578882486,0.37345402059556,7.86221048227896,0.001
"Residual",277,1120.26421117514,0.626545979404441,NA,NA
"Total",298,1788,1,NA,NA
