"Biomarker","Analyte","Spearman_Correlation","P_Value"
NA,NA,NA,NA
"p450","a120",0.259000370233247,0.0258641905944053
"p450","a125",-0.281984450203628,0.0149313448970574
"p450","a81",0.254320621991855,0.0287723268496418
