"Biomarker","Analyte","Spearman_Correlation","P_Value"
NA,NA,NA,NA
"shell","sum40CB",0.244658872406054,0.0356544646146746
"shell","sumBDE",0.274532166530578,0.0179288583544015
"shell","sumCHLD",0.302020928997171,0.00891678300283782
"shell","sumHCH",0.329257908617894,0.00417668964927298
