"Comparison","Z","P.unadj","P.adj"
"6 - 7",3.33412086712024,0.000855694658672698,0.0308050077122171
"6 - 8.2",3.07575165054612,0.00209972656851293,0.0377950782332327
