"","Df","SumOfSqs","R2","F","Pr(>F)"
"Model",5,72.8115572662165,0.0407223474643269,2.48763176657117,0.002
"Residual",293,1715.18844273378,0.959277652535673,NA,NA
"Total",298,1788,1,NA,NA
