"term","contrast","null.value","estimate","conf.low","conf.high","adj.p.value"
"reporting_area","11-10",0,0.0956777597402604,0.025513547331089,0.165841972149432,0.000906579088464698
"reporting_area","12-11",0,-0.179437500000001,-0.320485626120307,-0.0383893738796953,0.00281912055163891
"reporting_area","6-11",0,-0.189437499999999,-0.330485626120305,-0.0483893738796934,0.00117783564450558
"reporting_area","7-11",0,-0.107964527027027,-0.193631078721417,-0.0222979753326377,0.0032480270708245
"reporting_area","8.1-11",0,-0.1640625,-0.319613467113871,-0.00851153288612966,0.0299419669857584
"reporting_area","13-12",0,0.15332142857143,0.0109183421761277,0.295724514966732,0.0241376895531553
"reporting_area","6-13",0,-0.163321428571428,-0.30572451496673,-0.0209183421761257,0.0116874248587797
