"term","contrast","null.value","estimate","conf.low","conf.high","adj.p.value"
"reporting_area","11-10",0,0.0956777597402604,0.0247613270515267,0.166594192428994,0.00108758575899626
"reporting_area","12-11",0,-0.1794375,-0.321997782492036,-0.0368772175079642,0.00330528007712438
"reporting_area","6-11",0,-0.137187500000001,-0.254371330358283,-0.0200036696417188,0.00902220460603431
"reporting_area","7-11",0,-0.107964527027028,-0.194549497317623,-0.0213795567364325,0.00379700603280841
"reporting_area","8.1-11",0,-0.164062500000001,-0.321281106326954,-0.00684389367304739,0.0333406855453862
"reporting_area","13-12",0,0.153321428571428,0.00939165947306786,0.297251197669789,0.0270121123089803
