"","Df","SumOfSqs","R2","F","Pr(>F)"
"Model",26,700.688957459277,0.391884204395569,6.7416628648476,0.001
"Residual",272,1087.31104254072,0.608115795604431,NA,NA
"Total",298,1788,1,NA,NA
