"","Df","SumOfSqs","R2","F","Pr(>F)"
"Model",19,634.120631397048,0.354653596978215,8.06978710589863,0.001
"Residual",279,1153.87936860295,0.645346403021785,NA,NA
"Total",298,1788,1,NA,NA
