"","Df","SumOfSqs","R2","F","Pr(>F)"
"Model",26,687.005775809184,0.384231418237799,6.52786108138678,0.001
"Residual",272,1100.99422419081,0.6157685817622,NA,NA
"Total",298,1788,1,NA,NA
