"","Df","SumOfSqs","R2","F","Pr(>F)"
"Model",27,675.43346930681,0.377759211021706,6.09343401986304,0.001
"Residual",271,1112.56653069319,0.622240788978294,NA,NA
"Total",298,1788,1,NA,NA
