"","Df","SumOfSqs","R2","F","Pr(>F)"
"Model",19,638.71973203269,0.357225800913138,8.16084228877304,0.001
"Residual",279,1149.28026796731,0.642774199086862,NA,NA
"Total",298,1788,1,NA,NA
