"","Df","SumOfSqs","R2","F","Pr(>F)"
"Model",18,640.650430190878,0.358305609726442,8.68582132312362,0.001
"Residual",280,1147.34956980912,0.641694390273557,NA,NA
"Total",298,1788,1,NA,NA
