"","Df","SumOfSqs","R2","F","Pr(>F)"
"Model",4,49.6110533412084,0.0277466741281926,2.09758145758305,0.002
"Residual",294,1738.38894665879,0.972253325871808,NA,NA
"Total",298,1788,1,NA,NA
