"term","contrast","null.value","estimate","conf.low","conf.high","adj.p.value"
"reporting_area","11-10",0,0.0956777597402602,0.0255135473310887,0.165841972149432,0.000906579088464476
"reporting_area","12-11",0,-0.179437500000001,-0.320485626120307,-0.0383893738796947,0.00281912055163913
"reporting_area","6-11",0,-0.189437500000001,-0.330485626120307,-0.0483893738796947,0.00117783564450546
"reporting_area","7-11",0,-0.107964527027027,-0.193631078721417,-0.0222979753326377,0.0032480270708245
"reporting_area","8.1-11",0,-0.1640625,-0.319613467113871,-0.00851153288612944,0.029941966985759
"reporting_area","13-12",0,0.153321428571429,0.0109183421761267,0.295724514966731,0.024137689553157
"reporting_area","6-13",0,-0.163321428571429,-0.305724514966731,-0.0209183421761267,0.011687424858779
