"","Df","SumOfSqs","R2","F","Pr(>F)"
"Model",19,653.838572264202,0.36568152811197,8.4653762776262,0.001
"Residual",279,1134.1614277358,0.634318471888031,NA,NA
"Total",298,1788,1,NA,NA
