"","Df","SumOfSqs","R2","F","Pr(>F)"
"Model",26,688.499391905738,0.385066773996498,6.55094032340018,0.001
"Residual",272,1099.50060809426,0.614933226003502,NA,NA
"Total",298,1788,1,NA,NA
