"Biomarker","Analyte","Spearman_Correlation","P_Value"
NA,NA,NA,NA
"sod","a101",0.272032580525731,0.0190435881310613
"sod","a103",0.281747500925583,0.0150195387859617
"sod","a91",0.247449092928545,0.0335386810548994
"sod","a95",0.2726545723806,0.0187607992291867
"sod","a97",0.242502776749352,0.0373647403549024
