"Biomarker","Analyte","Spearman_Correlation","P_Value"
NA,NA,NA,NA
"shell","a118",0.249220585142967,0.0322507420982707
"shell","a80",0.246243623259462,0.0344395043793126
"shell","a89",0.229211254274236,0.049481445514227
"shell","a92",0.259825086180726,0.0253783904294795
"shell","a96",0.231655028954725,0.0470389419215476
