"Biomarker","Analyte","Spearman_Correlation","P_Value"
NA,NA,NA,NA
"p450","a12",0.232817475009256,0.0459124403010429
"p450","a14",0.232817475009256,0.0459124403010429
"p450","a15",0.256186597556461,0.0275813097721631
"p450","a17",0.232817475009256,0.0459124403010429
"p450","a18",0.232817475009256,0.0459124403010429
"p450","a19",0.228937430581266,0.0497614999980835
"p450","a7",0.228937430581266,0.0497614999980835
