"Biomarker","Analyte","Spearman_Correlation","P_Value"
NA,NA,NA,NA
"ci1","a51",0.235968711958631,0.0429700847325898
"ci1","a60",0.243977203219876,0.0361879714326625
