"Biomarker","Analyte","Spearman_Correlation","P_Value"
NA,NA,NA,NA
"sod","a76",0.268271010736764,0.020832700590778
"sod","a77",0.260629396519807,0.0249120775229019
