"","site_number","p450","SOD","condition_factor","avg_thickness"
"site_number",1,0.0968260513615112,-0.0980199220331538,-0.225543319066156,0.121091550985718
"p450",0.0968260513615112,1,-0.232124163190348,0.0267885554701364,0.190293866833088
"SOD",-0.0980199220331538,-0.232124163190348,1,-0.0878834882631547,-0.0707534658539123
"condition_factor",-0.225543319066156,0.0267885554701364,-0.0878834882631547,1,0.139210862738694
"avg_thickness",0.121091550985718,0.190293866833088,-0.0707534658539123,0.139210862738694,1
